Date,Decade,Year,Month,Day,min,max,mean
1950-10-03 00:00:00,1950s,1950,10,3,55.0,84.0,69.5
1950-10-04 00:00:00,1950s,1950,10,4,51.0,65.0,58.0
1950-10-05 00:00:00,1950s,1950,10,5,43.0,63.0,53.0
1950-10-06 00:00:00,1950s,1950,10,6,39.0,65.0,52.0
1950-10-07 00:00:00,1950s,1950,10,7,52.0,68.0,60.0
1950-10-08 00:00:00,1950s,1950,10,8,58.0,67.0,62.5
1950-10-09 00:00:00,1950s,1950,10,9,55.0,67.0,61.0
1950-10-10 00:00:00,1950s,1950,10,10,48.0,67.0,57.5
1951-10-03 00:00:00,1950s,1951,10,3,60.0,81.0,70.5
1951-10-04 00:00:00,1950s,1951,10,4,65.0,78.0,71.5
1951-10-05 00:00:00,1950s,1951,10,5,65.0,92.0,78.5
1951-10-06 00:00:00,1950s,1951,10,6,62.0,89.0,75.5
1951-10-07 00:00:00,1950s,1951,10,7,59.0,70.0,64.5
1951-10-08 00:00:00,1950s,1951,10,8,44.0,63.0,53.5
1951-10-09 00:00:00,1950s,1951,10,9,40.0,62.0,51.0
1951-10-10 00:00:00,1950s,1951,10,10,43.0,57.0,50.0
1952-10-03 00:00:00,1950s,1952,10,3,41.0,60.0,50.5
1952-10-04 00:00:00,1950s,1952,10,4,35.0,68.0,51.5
1952-10-05 00:00:00,1950s,1952,10,5,47.0,75.0,61.0
1952-10-06 00:00:00,1950s,1952,10,6,51.0,77.0,64.0
1952-10-07 00:00:00,1950s,1952,10,7,46.0,61.0,53.5
1952-10-08 00:00:00,1950s,1952,10,8,44.0,59.0,51.5
1952-10-09 00:00:00,1950s,1952,10,9,42.0,54.0,48.0
1952-10-10 00:00:00,1950s,1952,10,10,51.0,57.0,54.0
1953-10-03 00:00:00,1950s,1953,10,3,44.0,76.0,60.0
1953-10-04 00:00:00,1950s,1953,10,4,47.0,77.0,62.0
1953-10-05 00:00:00,1950s,1953,10,5,49.0,76.0,62.5
1953-10-06 00:00:00,1950s,1953,10,6,49.0,63.0,56.0
1953-10-07 00:00:00,1950s,1953,10,7,37.0,57.0,47.0
1953-10-08 00:00:00,1950s,1953,10,8,33.0,62.0,47.5
1953-10-09 00:00:00,1950s,1953,10,9,34.0,65.0,49.5
1953-10-10 00:00:00,1950s,1953,10,10,37.0,67.0,52.0
1954-10-03 00:00:00,1950s,1954,10,3,64.0,88.0,76.0
1954-10-04 00:00:00,1950s,1954,10,4,69.0,92.0,80.5
1954-10-05 00:00:00,1950s,1954,10,5,65.0,81.0,73.0
1954-10-06 00:00:00,1950s,1954,10,6,49.0,65.0,57.0
1954-10-07 00:00:00,1950s,1954,10,7,36.0,56.0,46.0
1954-10-08 00:00:00,1950s,1954,10,8,33.0,61.0,47.0
1954-10-09 00:00:00,1950s,1954,10,9,49.0,78.0,63.5
1954-10-10 00:00:00,1950s,1954,10,10,52.0,80.0,66.0
1955-10-03 00:00:00,1950s,1955,10,3,47.0,72.0,59.5
1955-10-04 00:00:00,1950s,1955,10,4,47.0,72.0,59.5
1955-10-05 00:00:00,1950s,1955,10,5,50.0,77.0,63.5
1955-10-06 00:00:00,1950s,1955,10,6,63.0,82.0,72.5
1955-10-07 00:00:00,1950s,1955,10,7,66.0,84.0,75.0
1955-10-08 00:00:00,1950s,1955,10,8,49.0,74.0,61.5
1955-10-09 00:00:00,1950s,1955,10,9,47.0,70.0,58.5
1955-10-10 00:00:00,1950s,1955,10,10,43.0,74.0,58.5
1956-10-03 00:00:00,1950s,1956,10,3,54.0,78.0,66.0
1956-10-04 00:00:00,1950s,1956,10,4,58.0,68.0,63.0
1956-10-05 00:00:00,1950s,1956,10,5,54.0,70.0,62.0
1956-10-06 00:00:00,1950s,1956,10,6,52.0,62.0,57.0
1956-10-07 00:00:00,1950s,1956,10,7,49.0,66.0,57.5
1956-10-08 00:00:00,1950s,1956,10,8,40.0,69.0,54.5
1956-10-09 00:00:00,1950s,1956,10,9,45.0,69.0,57.0
1956-10-10 00:00:00,1950s,1956,10,10,38.0,58.0,48.0
1957-10-03 00:00:00,1950s,1957,10,3,50.0,64.0,57.0
1957-10-04 00:00:00,1950s,1957,10,4,43.0,66.0,54.5
1957-10-05 00:00:00,1950s,1957,10,5,50.0,63.0,56.5
1957-10-06 00:00:00,1950s,1957,10,6,51.0,61.0,56.0
1957-10-07 00:00:00,1950s,1957,10,7,49.0,70.0,59.5
1957-10-08 00:00:00,1950s,1957,10,8,53.0,65.0,59.0
1957-10-09 00:00:00,1950s,1957,10,9,56.0,75.0,65.5
1957-10-10 00:00:00,1950s,1957,10,10,50.0,69.0,59.5
1958-10-03 00:00:00,1950s,1958,10,3,53.0,59.0,56.0
1958-10-04 00:00:00,1950s,1958,10,4,53.0,68.0,60.5
1958-10-05 00:00:00,1950s,1958,10,5,46.0,72.0,59.0
1958-10-06 00:00:00,1950s,1958,10,6,39.0,55.0,47.0
1958-10-07 00:00:00,1950s,1958,10,7,36.0,66.0,51.0
1958-10-08 00:00:00,1950s,1958,10,8,45.0,72.0,58.5
1958-10-09 00:00:00,1950s,1958,10,9,50.0,79.0,64.5
1958-10-10 00:00:00,1950s,1958,10,10,59.0,86.0,72.5
1959-10-03 00:00:00,1950s,1959,10,3,61.0,72.0,66.5
1959-10-04 00:00:00,1950s,1959,10,4,57.0,89.0,73.0
1959-10-05 00:00:00,1950s,1959,10,5,67.0,90.0,78.5
1959-10-06 00:00:00,1950s,1959,10,6,66.0,89.0,77.5
1959-10-07 00:00:00,1950s,1959,10,7,66.0,80.0,73.0
1959-10-08 00:00:00,1950s,1959,10,8,62.0,81.0,71.5
1959-10-09 00:00:00,1950s,1959,10,9,71.0,82.0,76.5
1959-10-10 00:00:00,1950s,1959,10,10,67.0,78.0,72.5
1960-10-03 00:00:00,1960s,1960,10,3,50.0,73.0,61.5
1960-10-04 00:00:00,1960s,1960,10,4,47.0,63.0,55.0
1960-10-05 00:00:00,1960s,1960,10,5,43.0,69.0,56.0
1960-10-06 00:00:00,1960s,1960,10,6,54.0,74.0,64.0
1960-10-07 00:00:00,1960s,1960,10,7,46.0,70.0,58.0
1960-10-08 00:00:00,1960s,1960,10,8,42.0,67.0,54.5
1960-10-09 00:00:00,1960s,1960,10,9,52.0,64.0,58.0
1960-10-10 00:00:00,1960s,1960,10,10,47.0,78.0,62.5
1961-10-03 00:00:00,1960s,1961,10,3,50.0,66.0,58.0
1961-10-04 00:00:00,1960s,1961,10,4,39.0,61.0,50.0
1961-10-05 00:00:00,1960s,1961,10,5,36.0,69.0,52.5
1961-10-06 00:00:00,1960s,1961,10,6,44.0,79.0,61.5
1961-10-07 00:00:00,1960s,1961,10,7,46.0,82.0,64.0
1961-10-08 00:00:00,1960s,1961,10,8,53.0,78.0,65.5
1961-10-09 00:00:00,1960s,1961,10,9,54.0,82.0,68.0
1961-10-10 00:00:00,1960s,1961,10,10,52.0,83.0,67.5
1962-10-03 00:00:00,1960s,1962,10,3,47.0,74.0,60.5
1962-10-04 00:00:00,1960s,1962,10,4,63.0,70.0,66.5
1962-10-05 00:00:00,1960s,1962,10,5,58.0,76.0,67.0
1962-10-06 00:00:00,1960s,1962,10,6,55.0,76.0,65.5
1962-10-07 00:00:00,1960s,1962,10,7,54.0,76.0,65.0
1962-10-08 00:00:00,1960s,1962,10,8,53.0,72.0,62.5
1962-10-09 00:00:00,1960s,1962,10,9,58.0,75.0,66.5
1962-10-10 00:00:00,1960s,1962,10,10,50.0,74.0,62.0
1963-10-03 00:00:00,1960s,1963,10,3,51.0,78.0,64.5
1963-10-04 00:00:00,1960s,1963,10,4,44.0,69.0,56.5
1963-10-05 00:00:00,1960s,1963,10,5,38.0,70.0,54.0
1963-10-06 00:00:00,1960s,1963,10,6,40.0,80.0,60.0
1963-10-07 00:00:00,1960s,1963,10,7,49.0,85.0,67.0
1963-10-08 00:00:00,1960s,1963,10,8,53.0,80.0,66.5
1963-10-09 00:00:00,1960s,1963,10,9,43.0,67.0,55.0
1963-10-10 00:00:00,1960s,1963,10,10,38.0,68.0,53.0
1964-10-03 00:00:00,1960s,1964,10,3,52.0,73.0,62.5
1964-10-04 00:00:00,1960s,1964,10,4,52.0,65.0,58.5
1964-10-05 00:00:00,1960s,1964,10,5,38.0,61.0,49.5
1964-10-06 00:00:00,1960s,1964,10,6,35.0,62.0,48.5
1964-10-07 00:00:00,1960s,1964,10,7,35.0,60.0,47.5
1964-10-08 00:00:00,1960s,1964,10,8,32.0,61.0,46.5
1964-10-09 00:00:00,1960s,1964,10,9,36.0,67.0,51.5
1964-10-10 00:00:00,1960s,1964,10,10,39.0,57.0,48.0
1965-10-03 00:00:00,1960s,1965,10,3,45.0,75.0,60.0
1965-10-04 00:00:00,1960s,1965,10,4,39.0,60.0,49.5
1965-10-05 00:00:00,1960s,1965,10,5,35.0,56.0,45.5
1965-10-06 00:00:00,1960s,1965,10,6,33.0,64.0,48.5
1965-10-07 00:00:00,1960s,1965,10,7,44.0,65.0,54.5
1965-10-08 00:00:00,1960s,1965,10,8,50.0,73.0,61.5
1965-10-09 00:00:00,1960s,1965,10,9,45.0,70.0,57.5
1965-10-10 00:00:00,1960s,1965,10,10,45.0,64.0,54.5
1966-10-03 00:00:00,1960s,1966,10,3,38.0,67.0,52.5
1966-10-04 00:00:00,1960s,1966,10,4,44.0,78.0,61.0
1966-10-05 00:00:00,1960s,1966,10,5,47.0,68.0,57.5
1966-10-06 00:00:00,1960s,1966,10,6,40.0,60.0,50.0
1966-10-07 00:00:00,1960s,1966,10,7,38.0,67.0,52.5
1966-10-08 00:00:00,1960s,1966,10,8,41.0,73.0,57.0
1966-10-09 00:00:00,1960s,1966,10,9,51.0,78.0,64.5
1966-10-10 00:00:00,1960s,1966,10,10,48.0,77.0,62.5
1967-10-03 00:00:00,1960s,1967,10,3,48.0,83.0,65.5
1967-10-04 00:00:00,1960s,1967,10,4,57.0,87.0,72.0
1967-10-05 00:00:00,1960s,1967,10,5,59.0,89.0,74.0
1967-10-06 00:00:00,1960s,1967,10,6,53.0,73.0,63.0
1967-10-07 00:00:00,1960s,1967,10,7,50.0,60.0,55.0
1967-10-08 00:00:00,1960s,1967,10,8,55.0,65.0,60.0
1967-10-09 00:00:00,1960s,1967,10,9,61.0,76.0,68.5
1967-10-10 00:00:00,1960s,1967,10,10,49.0,65.0,57.0
1968-10-03 00:00:00,1960s,1968,10,3,64.0,84.0,74.0
1968-10-04 00:00:00,1960s,1968,10,4,43.0,64.0,53.5
1968-10-05 00:00:00,1960s,1968,10,5,38.0,65.0,51.5
1968-10-06 00:00:00,1960s,1968,10,6,37.0,67.0,52.0
1968-10-07 00:00:00,1960s,1968,10,7,52.0,69.0,60.5
1968-10-08 00:00:00,1960s,1968,10,8,49.0,67.0,58.0
1968-10-09 00:00:00,1960s,1968,10,9,57.0,65.0,61.0
1968-10-10 00:00:00,1960s,1968,10,10,57.0,64.0,60.5
1969-10-03 00:00:00,1960s,1969,10,3,68.0,83.0,75.5
1969-10-04 00:00:00,1960s,1969,10,4,59.0,78.0,68.5
1969-10-05 00:00:00,1960s,1969,10,5,52.0,69.0,60.5
1969-10-06 00:00:00,1960s,1969,10,6,44.0,72.0,58.0
1969-10-07 00:00:00,1960s,1969,10,7,56.0,79.0,67.5
1969-10-08 00:00:00,1960s,1969,10,8,60.0,71.0,65.5
1969-10-09 00:00:00,1960s,1969,10,9,50.0,73.0,61.5
1969-10-10 00:00:00,1960s,1969,10,10,46.0,73.0,59.5
1970-10-03 00:00:00,1970s,1970,10,3,52.0,87.0,69.5
1970-10-04 00:00:00,1970s,1970,10,4,45.0,67.0,56.0
1970-10-05 00:00:00,1970s,1970,10,5,42.0,74.0,58.0
1970-10-06 00:00:00,1970s,1970,10,6,46.0,81.0,63.5
1970-10-07 00:00:00,1970s,1970,10,7,47.0,83.0,65.0
1970-10-08 00:00:00,1970s,1970,10,8,53.0,79.0,66.0
1970-10-09 00:00:00,1970s,1970,10,9,59.0,79.0,69.0
1970-10-10 00:00:00,1970s,1970,10,10,60.0,81.0,70.5
1971-10-03 00:00:00,1970s,1971,10,3,65.0,82.0,73.5
1971-10-04 00:00:00,1970s,1971,10,4,64.0,69.0,66.5
1971-10-05 00:00:00,1970s,1971,10,5,62.0,74.0,68.0
1971-10-06 00:00:00,1970s,1971,10,6,57.0,77.0,67.0
1971-10-07 00:00:00,1970s,1971,10,7,48.0,67.0,57.5
1971-10-08 00:00:00,1970s,1971,10,8,43.0,65.0,54.0
1971-10-09 00:00:00,1970s,1971,10,9,51.0,67.0,59.0
1971-10-10 00:00:00,1970s,1971,10,10,51.0,62.0,56.5
1972-10-03 00:00:00,1970s,1972,10,3,44.0,72.0,58.0
1972-10-04 00:00:00,1970s,1972,10,4,51.0,73.0,62.0
1972-10-05 00:00:00,1970s,1972,10,5,62.0,71.0,66.5
1972-10-06 00:00:00,1970s,1972,10,6,65.0,74.0,69.5
1972-10-07 00:00:00,1970s,1972,10,7,53.0,69.0,61.0
1972-10-08 00:00:00,1970s,1972,10,8,45.0,76.0,60.5
1972-10-09 00:00:00,1970s,1972,10,9,44.0,62.0,53.0
1972-10-10 00:00:00,1970s,1972,10,10,37.0,58.0,47.5
1973-10-03 00:00:00,1970s,1973,10,3,61.0,79.0,70.0
1973-10-04 00:00:00,1970s,1973,10,4,59.0,82.0,70.5
1973-10-05 00:00:00,1970s,1973,10,5,53.0,82.0,67.5
1973-10-06 00:00:00,1970s,1973,10,6,46.0,72.0,59.0
1973-10-07 00:00:00,1970s,1973,10,7,45.0,70.0,57.5
1973-10-08 00:00:00,1970s,1973,10,8,60.0,73.0,66.5
1973-10-09 00:00:00,1970s,1973,10,9,61.0,70.0,65.5
1973-10-10 00:00:00,1970s,1973,10,10,59.0,74.0,66.5
1974-10-03 00:00:00,1970s,1974,10,3,34.0,52.0,43.0
1974-10-04 00:00:00,1970s,1974,10,4,31.0,61.0,46.0
1974-10-05 00:00:00,1970s,1974,10,5,42.0,76.0,59.0
1974-10-06 00:00:00,1970s,1974,10,6,46.0,80.0,63.0
1974-10-07 00:00:00,1970s,1974,10,7,49.0,76.0,62.5
1974-10-08 00:00:00,1970s,1974,10,8,43.0,61.0,52.0
1974-10-09 00:00:00,1970s,1974,10,9,38.0,67.0,52.5
1974-10-10 00:00:00,1970s,1974,10,10,42.0,75.0,58.5
1975-10-03 00:00:00,1970s,1975,10,3,37.0,64.0,50.5
1975-10-04 00:00:00,1970s,1975,10,4,42.0,73.0,57.5
1975-10-05 00:00:00,1970s,1975,10,5,48.0,72.0,60.0
1975-10-06 00:00:00,1970s,1975,10,6,56.0,78.0,67.0
1975-10-07 00:00:00,1970s,1975,10,7,48.0,67.0,57.5
1975-10-08 00:00:00,1970s,1975,10,8,45.0,73.0,59.0
1975-10-09 00:00:00,1970s,1975,10,9,58.0,64.0,61.0
1975-10-10 00:00:00,1970s,1975,10,10,57.0,61.0,59.0
1976-10-03 00:00:00,1970s,1976,10,3,58.0,65.0,61.5
1976-10-04 00:00:00,1970s,1976,10,4,59.0,73.0,66.0
1976-10-05 00:00:00,1970s,1976,10,5,56.0,68.0,62.0
1976-10-06 00:00:00,1970s,1976,10,6,56.0,73.0,64.5
1976-10-07 00:00:00,1970s,1976,10,7,61.0,76.0,68.5
1976-10-08 00:00:00,1970s,1976,10,8,65.0,73.0,69.0
1976-10-09 00:00:00,1970s,1976,10,9,49.0,75.0,62.0
1976-10-10 00:00:00,1970s,1976,10,10,44.0,62.0,53.0
1977-10-03 00:00:00,1970s,1977,10,3,47.0,65.0,56.0
1977-10-04 00:00:00,1970s,1977,10,4,45.0,72.0,58.5
1977-10-05 00:00:00,1970s,1977,10,5,44.0,72.0,58.0
1977-10-06 00:00:00,1970s,1977,10,6,47.0,66.0,56.5
1977-10-07 00:00:00,1970s,1977,10,7,45.0,68.0,56.5
1977-10-08 00:00:00,1970s,1977,10,8,47.0,61.0,54.0
1977-10-09 00:00:00,1970s,1977,10,9,49.0,72.0,60.5
1977-10-10 00:00:00,1970s,1977,10,10,46.0,64.0,55.0
1978-10-03 00:00:00,1970s,1978,10,3,43.0,70.0,56.5
1978-10-04 00:00:00,1970s,1978,10,4,53.0,67.0,60.0
1978-10-05 00:00:00,1970s,1978,10,5,51.0,64.0,57.5
1978-10-06 00:00:00,1970s,1978,10,6,50.0,72.0,61.0
1978-10-07 00:00:00,1970s,1978,10,7,44.0,64.0,54.0
1978-10-08 00:00:00,1970s,1978,10,8,39.0,61.0,50.0
1978-10-09 00:00:00,1970s,1978,10,9,35.0,64.0,49.5
1978-10-10 00:00:00,1970s,1978,10,10,36.0,73.0,54.5
1979-10-03 00:00:00,1970s,1979,10,3,61.0,73.0,67.0
1979-10-04 00:00:00,1970s,1979,10,4,53.0,76.0,64.5
1979-10-05 00:00:00,1970s,1979,10,5,49.0,68.0,58.5
1979-10-06 00:00:00,1970s,1979,10,6,44.0,66.0,55.0
1979-10-07 00:00:00,1970s,1979,10,7,47.0,65.0,56.0
1979-10-08 00:00:00,1970s,1979,10,8,42.0,65.0,53.5
1979-10-09 00:00:00,1970s,1979,10,9,47.0,69.0,58.0
1979-10-10 00:00:00,1970s,1979,10,10,34.0,47.0,40.5
1980-10-03 00:00:00,1980s,1980,10,3,52.0,58.0,55.0
1980-10-04 00:00:00,1980s,1980,10,4,47.0,65.0,56.0
1980-10-05 00:00:00,1980s,1980,10,5,50.0,65.0,57.5
1980-10-06 00:00:00,1980s,1980,10,6,43.0,64.0,53.5
1980-10-07 00:00:00,1980s,1980,10,7,41.0,67.0,54.0
1980-10-08 00:00:00,1980s,1980,10,8,43.0,74.0,58.5
1980-10-09 00:00:00,1980s,1980,10,9,50.0,81.0,65.5
1980-10-10 00:00:00,1980s,1980,10,10,53.0,60.0,56.5
1981-10-03 00:00:00,1980s,1981,10,3,42.0,61.0,51.5
1981-10-04 00:00:00,1980s,1981,10,4,39.0,66.0,52.5
1981-10-05 00:00:00,1980s,1981,10,5,54.0,78.0,66.0
1981-10-06 00:00:00,1980s,1981,10,6,52.0,73.0,62.5
1981-10-07 00:00:00,1980s,1981,10,7,52.0,62.0,57.0
1981-10-08 00:00:00,1980s,1981,10,8,42.0,62.0,52.0
1981-10-09 00:00:00,1980s,1981,10,9,39.0,62.0,50.5
1981-10-10 00:00:00,1980s,1981,10,10,37.0,58.0,47.5
1982-10-03 00:00:00,1980s,1982,10,3,44.0,75.0,59.5
1982-10-04 00:00:00,1980s,1982,10,4,57.0,78.0,67.5
1982-10-05 00:00:00,1980s,1982,10,5,62.0,76.0,69.0
1982-10-06 00:00:00,1980s,1982,10,6,62.0,78.0,70.0
1982-10-07 00:00:00,1980s,1982,10,7,60.0,80.0,70.0
1982-10-08 00:00:00,1980s,1982,10,8,58.0,82.0,70.0
1982-10-09 00:00:00,1980s,1982,10,9,59.0,79.0,69.0
1982-10-10 00:00:00,1980s,1982,10,10,46.0,59.0,52.5
1983-10-03 00:00:00,1980s,1983,10,3,54.0,80.0,67.0
1983-10-04 00:00:00,1980s,1983,10,4,53.0,85.0,69.0
1983-10-05 00:00:00,1980s,1983,10,5,60.0,83.0,71.5
1983-10-06 00:00:00,1980s,1983,10,6,55.0,76.0,65.5
1983-10-07 00:00:00,1980s,1983,10,7,46.0,72.0,59.0
1983-10-08 00:00:00,1980s,1983,10,8,45.0,73.0,59.0
1983-10-09 00:00:00,1980s,1983,10,9,49.0,74.0,61.5
1983-10-10 00:00:00,1980s,1983,10,10,55.0,66.0,60.5
1984-10-03 00:00:00,1980s,1984,10,3,40.0,67.0,53.5
1984-10-04 00:00:00,1980s,1984,10,4,47.0,70.0,58.5
1984-10-05 00:00:00,1980s,1984,10,5,48.0,69.0,58.5
1984-10-06 00:00:00,1980s,1984,10,6,47.0,63.0,55.0
1984-10-07 00:00:00,1980s,1984,10,7,48.0,61.0,54.5
1984-10-08 00:00:00,1980s,1984,10,8,48.0,69.0,58.5
1984-10-09 00:00:00,1980s,1984,10,9,57.0,71.0,64.0
1984-10-10 00:00:00,1980s,1984,10,10,57.0,71.0,64.0
1985-10-03 00:00:00,1980s,1985,10,3,57.0,60.0,58.5
1985-10-04 00:00:00,1980s,1985,10,4,59.0,68.0,63.5
1985-10-05 00:00:00,1980s,1985,10,5,50.0,69.0,59.5
1985-10-06 00:00:00,1980s,1985,10,6,43.0,63.0,53.0
1985-10-07 00:00:00,1980s,1985,10,7,41.0,65.0,53.0
1985-10-08 00:00:00,1980s,1985,10,8,40.0,69.0,54.5
1985-10-09 00:00:00,1980s,1985,10,9,48.0,76.0,62.0
1985-10-10 00:00:00,1980s,1985,10,10,54.0,80.0,67.0
1986-10-03 00:00:00,1980s,1986,10,3,65.0,78.0,71.5
1986-10-04 00:00:00,1980s,1986,10,4,73.0,81.0,77.0
1986-10-05 00:00:00,1980s,1986,10,5,60.0,78.0,69.0
1986-10-06 00:00:00,1980s,1986,10,6,46.0,64.0,55.0
1986-10-07 00:00:00,1980s,1986,10,7,38.0,64.0,51.0
1986-10-08 00:00:00,1980s,1986,10,8,40.0,77.0,58.5
1986-10-09 00:00:00,1980s,1986,10,9,56.0,79.0,67.5
1986-10-10 00:00:00,1980s,1986,10,10,46.0,58.0,52.0
1987-10-03 00:00:00,1980s,1987,10,3,46.0,60.0,53.0
1987-10-04 00:00:00,1980s,1987,10,4,39.0,59.0,49.0
1987-10-05 00:00:00,1980s,1987,10,5,38.0,68.0,53.0
1987-10-06 00:00:00,1980s,1987,10,6,45.0,71.0,58.0
1987-10-07 00:00:00,1980s,1987,10,7,46.0,65.0,55.5
1987-10-08 00:00:00,1980s,1987,10,8,39.0,59.0,49.0
1987-10-09 00:00:00,1980s,1987,10,9,33.0,61.0,47.0
1987-10-10 00:00:00,1980s,1987,10,10,47.0,68.0,57.5
1988-10-03 00:00:00,1980s,1988,10,3,58.0,66.0,62.0
1988-10-04 00:00:00,1980s,1988,10,4,50.0,68.0,59.0
1988-10-05 00:00:00,1980s,1988,10,5,42.0,62.0,52.0
1988-10-06 00:00:00,1980s,1988,10,6,37.0,62.0,49.5
1988-10-07 00:00:00,1980s,1988,10,7,37.0,57.0,47.0
1988-10-08 00:00:00,1980s,1988,10,8,38.0,60.0,49.0
1988-10-09 00:00:00,1980s,1988,10,9,34.0,64.0,49.0
1988-10-10 00:00:00,1980s,1988,10,10,42.0,69.0,55.5
1989-10-03 00:00:00,1980s,1989,10,3,53.0,75.0,64.0
1989-10-04 00:00:00,1980s,1989,10,4,42.0,61.0,51.5
1989-10-05 00:00:00,1980s,1989,10,5,44.0,69.0,56.5
1989-10-06 00:00:00,1980s,1989,10,6,51.0,71.0,61.0
1989-10-07 00:00:00,1980s,1989,10,7,40.0,64.0,52.0
1989-10-08 00:00:00,1980s,1989,10,8,37.0,59.0,48.0
1989-10-09 00:00:00,1980s,1989,10,9,38.0,56.0,47.0
1989-10-10 00:00:00,1980s,1989,10,10,36.0,62.0,49.0
1990-10-03 00:00:00,1990s,1990,10,3,44.0,74.0,59.0
1990-10-04 00:00:00,1990s,1990,10,4,50.0,77.0,63.5
1990-10-05 00:00:00,1990s,1990,10,5,47.0,79.0,63.0
1990-10-06 00:00:00,1990s,1990,10,6,54.0,84.0,69.0
1990-10-07 00:00:00,1990s,1990,10,7,52.0,84.0,68.0
1990-10-08 00:00:00,1990s,1990,10,8,57.0,84.0,70.5
1990-10-09 00:00:00,1990s,1990,10,9,68.0,86.0,77.0
1990-10-10 00:00:00,1990s,1990,10,10,65.0,83.0,74.0
1991-10-03 00:00:00,1990s,1991,10,3,63.0,80.0,71.5
1991-10-04 00:00:00,1990s,1991,10,4,60.0,85.0,72.5
1991-10-05 00:00:00,1990s,1991,10,5,62.0,80.0,71.0
1991-10-06 00:00:00,1990s,1991,10,6,43.0,71.0,57.0
1991-10-07 00:00:00,1990s,1991,10,7,35.0,60.0,47.5
1991-10-08 00:00:00,1990s,1991,10,8,36.0,65.0,50.5
1991-10-09 00:00:00,1990s,1991,10,9,41.0,73.0,57.0
1991-10-10 00:00:00,1990s,1991,10,10,46.0,75.0,60.5
1992-10-03 00:00:00,1990s,1992,10,3,48.0,78.0,63.0
1992-10-04 00:00:00,1990s,1992,10,4,52.0,66.0,59.0
1992-10-05 00:00:00,1990s,1992,10,5,48.0,63.0,55.5
1992-10-06 00:00:00,1990s,1992,10,6,41.0,63.0,52.0
1992-10-07 00:00:00,1990s,1992,10,7,36.0,68.0,52.0
1992-10-08 00:00:00,1990s,1992,10,8,42.0,73.0,57.5
1992-10-09 00:00:00,1990s,1992,10,9,59.0,71.0,65.0
1992-10-10 00:00:00,1990s,1992,10,10,53.0,73.0,63.0
1993-10-03 00:00:00,1990s,1993,10,3,45.0,65.0,55.0
1993-10-04 00:00:00,1990s,1993,10,4,42.0,73.0,57.5
1993-10-05 00:00:00,1990s,1993,10,5,43.0,64.0,53.5
1993-10-06 00:00:00,1990s,1993,10,6,39.0,68.0,53.5
1993-10-07 00:00:00,1990s,1993,10,7,46.0,73.0,59.5
1993-10-08 00:00:00,1990s,1993,10,8,52.0,76.0,64.0
1993-10-09 00:00:00,1990s,1993,10,9,54.0,80.0,67.0
1993-10-10 00:00:00,1990s,1993,10,10,41.0,64.0,52.5
1994-10-03 00:00:00,1990s,1994,10,3,48.0,62.0,55.0
1994-10-04 00:00:00,1990s,1994,10,4,44.0,63.0,53.5
1994-10-05 00:00:00,1990s,1994,10,5,45.0,63.0,54.0
1994-10-06 00:00:00,1990s,1994,10,6,39.0,65.0,52.0
1994-10-07 00:00:00,1990s,1994,10,7,43.0,71.0,57.0
1994-10-08 00:00:00,1990s,1994,10,8,46.0,74.0,60.0
1994-10-09 00:00:00,1990s,1994,10,9,58.0,80.0,69.0
1994-10-10 00:00:00,1990s,1994,10,10,48.0,64.0,56.0
1995-10-03 00:00:00,1990s,1995,10,3,59.0,83.0,71.0
1995-10-04 00:00:00,1990s,1995,10,4,67.0,74.0,70.5
1995-10-05 00:00:00,1990s,1995,10,5,67.0,78.0,72.5
1995-10-06 00:00:00,1990s,1995,10,6,70.0,86.0,78.0
1995-10-07 00:00:00,1990s,1995,10,7,67.0,83.0,75.0
1995-10-08 00:00:00,1990s,1995,10,8,52.0,69.0,60.5
1995-10-09 00:00:00,1990s,1995,10,9,47.0,73.0,60.0
1995-10-10 00:00:00,1990s,1995,10,10,50.0,74.0,62.0
1996-10-03 00:00:00,1990s,1996,10,3,47.0,66.0,56.5
1996-10-04 00:00:00,1990s,1996,10,4,36.0,56.0,46.0
1996-10-05 00:00:00,1990s,1996,10,5,35.0,60.0,47.5
1996-10-06 00:00:00,1990s,1996,10,6,37.0,63.0,50.0
1996-10-07 00:00:00,1990s,1996,10,7,38.0,66.0,52.0
1996-10-08 00:00:00,1990s,1996,10,8,54.0,61.0,57.5
1996-10-09 00:00:00,1990s,1996,10,9,48.0,70.0,59.0
1996-10-10 00:00:00,1990s,1996,10,10,43.0,62.0,52.5
1997-10-03 00:00:00,1990s,1997,10,3,40.0,73.0,56.5
1997-10-04 00:00:00,1990s,1997,10,4,54.0,83.0,68.5
1997-10-05 00:00:00,1990s,1997,10,5,54.0,86.0,70.0
1997-10-06 00:00:00,1990s,1997,10,6,61.0,89.0,75.0
1997-10-07 00:00:00,1990s,1997,10,7,59.0,86.0,72.5
1997-10-08 00:00:00,1990s,1997,10,8,58.0,83.0,70.5
1997-10-09 00:00:00,1990s,1997,10,9,57.0,85.0,71.0
1997-10-10 00:00:00,1990s,1997,10,10,57.0,86.0,71.5
1998-10-03 00:00:00,1990s,1998,10,3,40.0,64.0,52.0
1998-10-04 00:00:00,1990s,1998,10,4,50.0,54.0,52.0
1998-10-05 00:00:00,1990s,1998,10,5,52.0,66.0,59.0
1998-10-06 00:00:00,1990s,1998,10,6,54.0,69.0,61.5
1998-10-07 00:00:00,1990s,1998,10,7,60.0,68.0,64.0
1998-10-08 00:00:00,1990s,1998,10,8,60.0,70.0,65.0
1998-10-09 00:00:00,1990s,1998,10,9,57.0,60.0,58.5
1998-10-10 00:00:00,1990s,1998,10,10,53.0,66.0,59.5
1999-10-03 00:00:00,1990s,1999,10,3,51.0,79.0,65.0
1999-10-04 00:00:00,1990s,1999,10,4,53.0,70.0,61.5
1999-10-05 00:00:00,1990s,1999,10,5,41.0,56.0,48.5
1999-10-06 00:00:00,1990s,1999,10,6,39.0,68.0,53.5
1999-10-07 00:00:00,1990s,1999,10,7,40.0,59.0,49.5
1999-10-08 00:00:00,1990s,1999,10,8,37.0,65.0,51.0
1999-10-09 00:00:00,1990s,1999,10,9,50.0,69.0,59.5
1999-10-10 00:00:00,1990s,1999,10,10,62.0,68.0,65.0
2000-10-03 00:00:00,2000s,2000,10,3,55.0,84.0,69.5
2000-10-04 00:00:00,2000s,2000,10,4,59.0,85.0,72.0
2000-10-05 00:00:00,2000s,2000,10,5,63.0,70.0,66.5
2000-10-06 00:00:00,2000s,2000,10,6,54.0,80.0,67.0
2000-10-07 00:00:00,2000s,2000,10,7,40.0,60.0,50.0
2000-10-08 00:00:00,2000s,2000,10,8,35.0,57.0,46.0
2000-10-09 00:00:00,2000s,2000,10,9,35.0,53.0,44.0
2000-10-10 00:00:00,2000s,2000,10,10,37.0,58.0,47.5
2001-10-03 00:00:00,2000s,2001,10,3,55.0,81.0,68.0
2001-10-04 00:00:00,2000s,2001,10,4,55.0,81.0,68.0
2001-10-05 00:00:00,2000s,2001,10,5,51.0,79.0,65.0
2001-10-06 00:00:00,2000s,2001,10,6,42.0,70.0,56.0
2001-10-07 00:00:00,2000s,2001,10,7,35.0,58.0,46.5
2001-10-08 00:00:00,2000s,2001,10,8,31.0,57.0,44.0
2001-10-09 00:00:00,2000s,2001,10,9,28.0,62.0,45.0
2001-10-10 00:00:00,2000s,2001,10,10,35.0,71.0,53.0
2002-10-03 00:00:00,2000s,2002,10,3,64.0,86.0,75.0
2002-10-04 00:00:00,2000s,2002,10,4,71.0,81.0,76.0
2002-10-05 00:00:00,2000s,2002,10,5,60.0,85.0,72.5
2002-10-06 00:00:00,2000s,2002,10,6,54.0,71.0,62.5
2002-10-07 00:00:00,2000s,2002,10,7,51.0,76.0,63.5
2002-10-08 00:00:00,2000s,2002,10,8,45.0,63.0,54.0
2002-10-09 00:00:00,2000s,2002,10,9,46.0,63.0,54.5
2002-10-10 00:00:00,2000s,2002,10,10,61.0,65.0,63.0
2003-10-03 00:00:00,2000s,2003,10,3,38.0,62.0,50.0
2003-10-04 00:00:00,2000s,2003,10,4,47.0,69.0,58.0
2003-10-05 00:00:00,2000s,2003,10,5,45.0,65.0,55.0
2003-10-06 00:00:00,2000s,2003,10,6,47.0,68.0,57.5
2003-10-07 00:00:00,2000s,2003,10,7,50.0,70.0,60.0
2003-10-08 00:00:00,2000s,2003,10,8,50.0,76.0,63.0
2003-10-09 00:00:00,2000s,2003,10,9,52.0,77.0,64.5
2003-10-10 00:00:00,2000s,2003,10,10,51.0,70.0,60.5
2004-10-03 00:00:00,2000s,2004,10,3,53.0,70.0,61.5
2004-10-04 00:00:00,2000s,2004,10,4,53.0,74.0,63.5
2004-10-05 00:00:00,2000s,2004,10,5,42.0,63.0,52.5
2004-10-06 00:00:00,2000s,2004,10,6,38.0,66.0,52.0
2004-10-07 00:00:00,2000s,2004,10,7,42.0,76.0,59.0
2004-10-08 00:00:00,2000s,2004,10,8,47.0,77.0,62.0
2004-10-09 00:00:00,2000s,2004,10,9,51.0,71.0,61.0
2004-10-10 00:00:00,2000s,2004,10,10,51.0,71.0,61.0
2005-10-03 00:00:00,2000s,2005,10,3,50.0,78.0,64.0
2005-10-04 00:00:00,2000s,2005,10,4,61.0,74.0,67.5
2005-10-05 00:00:00,2000s,2005,10,5,60.0,78.0,69.0
2005-10-06 00:00:00,2000s,2005,10,6,60.0,78.0,69.0
2005-10-07 00:00:00,2000s,2005,10,7,69.0,75.0,72.0
2005-10-08 00:00:00,2000s,2005,10,8,54.0,74.0,64.0
2005-10-09 00:00:00,2000s,2005,10,9,54.0,61.0,57.5
2005-10-10 00:00:00,2000s,2005,10,10,58.0,65.0,61.5
2006-10-03 00:00:00,2000s,2006,10,3,57.0,81.0,69.0
2006-10-04 00:00:00,2000s,2006,10,4,61.0,82.0,71.5
2006-10-05 00:00:00,2000s,2006,10,5,56.0,74.0,65.0
2006-10-06 00:00:00,2000s,2006,10,6,51.0,57.0,54.0
2006-10-07 00:00:00,2000s,2006,10,7,47.0,57.0,52.0
2006-10-08 00:00:00,2000s,2006,10,8,50.0,70.0,60.0
2006-10-09 00:00:00,2000s,2006,10,9,46.0,78.0,62.0
2006-10-10 00:00:00,2000s,2006,10,10,53.0,79.0,66.0
2007-10-03 00:00:00,2000s,2007,10,3,64.0,82.0,73.0
2007-10-04 00:00:00,2000s,2007,10,4,61.0,84.0,72.5
2007-10-05 00:00:00,2000s,2007,10,5,65.0,81.0,73.0
2007-10-06 00:00:00,2000s,2007,10,6,64.0,85.0,74.5
2007-10-07 00:00:00,2000s,2007,10,7,62.0,92.0,77.0
2007-10-08 00:00:00,2000s,2007,10,8,64.0,91.0,77.5
2007-10-09 00:00:00,2000s,2007,10,9,67.0,94.0,80.5
2007-10-10 00:00:00,2000s,2007,10,10,61.0,83.0,72.0
2008-10-03 00:00:00,2000s,2008,10,3,45.0,71.0,58.0
2008-10-04 00:00:00,2000s,2008,10,4,52.0,69.0,60.5
2008-10-05 00:00:00,2000s,2008,10,5,50.0,73.0,61.5
2008-10-06 00:00:00,2000s,2008,10,6,48.0,69.0,58.5
2008-10-07 00:00:00,2000s,2008,10,7,41.0,65.0,53.0
2008-10-08 00:00:00,2000s,2008,10,8,42.0,69.0,55.5
2008-10-09 00:00:00,2000s,2008,10,9,58.0,78.0,68.0
2008-10-10 00:00:00,2000s,2008,10,10,51.0,75.0,63.0
2009-10-03 00:00:00,2000s,2009,10,3,51.0,76.0,63.5
2009-10-04 00:00:00,2000s,2009,10,4,48.0,69.0,58.5
2009-10-05 00:00:00,2000s,2009,10,5,47.0,68.0,57.5
2009-10-06 00:00:00,2000s,2009,10,6,43.0,68.0,55.5
2009-10-07 00:00:00,2000s,2009,10,7,47.0,71.0,59.0
2009-10-08 00:00:00,2000s,2009,10,8,45.0,68.0,56.5
2009-10-09 00:00:00,2000s,2009,10,9,58.0,83.0,70.5
2009-10-10 00:00:00,2000s,2009,10,10,47.0,73.0,60.0
2010-10-03 00:00:00,2010s,2010,10,3,46.0,64.0,55.0
2010-10-04 00:00:00,2010s,2010,10,4,50.0,54.0,52.0
2010-10-05 00:00:00,2010s,2010,10,5,50.0,60.0,55.0
2010-10-06 00:00:00,2010s,2010,10,6,49.0,60.0,54.5
2010-10-07 00:00:00,2010s,2010,10,7,50.0,74.0,62.0
2010-10-08 00:00:00,2010s,2010,10,8,44.0,76.0,60.0
2010-10-09 00:00:00,2010s,2010,10,9,47.0,81.0,64.0
2010-10-10 00:00:00,2010s,2010,10,10,47.0,76.0,61.5
2011-10-03 00:00:00,2010s,2011,10,3,43.0,56.0,49.5
2011-10-04 00:00:00,2010s,2011,10,4,45.0,71.0,58.0
2011-10-05 00:00:00,2010s,2011,10,5,50.0,76.0,63.0
2011-10-06 00:00:00,2010s,2011,10,6,45.0,72.0,58.5
2011-10-07 00:00:00,2010s,2011,10,7,45.0,72.0,58.5
2011-10-08 00:00:00,2010s,2011,10,8,46.0,75.0,60.5
2011-10-09 00:00:00,2010s,2011,10,9,49.0,83.0,66.0
2011-10-10 00:00:00,2010s,2011,10,10,52.0,85.0,68.5
2012-10-03 00:00:00,2010s,2012,10,3,70.0,81.0,75.5
2012-10-04 00:00:00,2010s,2012,10,4,62.0,80.0,71.0
2012-10-05 00:00:00,2010s,2012,10,5,59.0,81.0,70.0
2012-10-06 00:00:00,2010s,2012,10,6,48.0,79.0,63.5
2012-10-07 00:00:00,2010s,2012,10,7,45.0,53.0,49.0
2012-10-08 00:00:00,2010s,2012,10,8,41.0,54.0,47.5
2012-10-09 00:00:00,2010s,2012,10,9,47.0,61.0,54.0
2012-10-10 00:00:00,2010s,2012,10,10,50.0,69.0,59.5
2013-10-03 00:00:00,2010s,2013,10,3,60.0,83.0,71.5
2013-10-04 00:00:00,2010s,2013,10,4,59.0,89.0,74.0
2013-10-05 00:00:00,2010s,2013,10,5,64.0,90.0,77.0
2013-10-06 00:00:00,2010s,2013,10,6,65.0,86.0,75.5
2013-10-07 00:00:00,2010s,2013,10,7,54.0,75.0,64.5
2013-10-08 00:00:00,2010s,2013,10,8,47.0,68.0,57.5
2013-10-09 00:00:00,2010s,2013,10,9,53.0,60.0,56.5
2013-10-10 00:00:00,2010s,2013,10,10,54.0,58.0,56.0
2014-10-03 00:00:00,2010s,2014,10,3,56.0,70.0,63.0
2014-10-04 00:00:00,2010s,2014,10,4,43.0,69.0,56.0
2014-10-05 00:00:00,2010s,2014,10,5,36.0,62.0,49.0
2014-10-06 00:00:00,2010s,2014,10,6,39.0,73.0,56.0
2014-10-07 00:00:00,2010s,2014,10,7,58.0,69.0,63.5
2014-10-08 00:00:00,2010s,2014,10,8,52.0,76.0,64.0
2014-10-09 00:00:00,2010s,2014,10,9,45.0,70.0,57.5
2014-10-10 00:00:00,2010s,2014,10,10,53.0,61.0,57.0
2015-10-03 00:00:00,2010s,2015,10,3,48.0,57.0,52.5
2015-10-04 00:00:00,2010s,2015,10,4,53.0,58.0,55.5
2015-10-05 00:00:00,2010s,2015,10,5,47.0,67.0,57.0
2015-10-06 00:00:00,2010s,2015,10,6,44.0,76.0,60.0
2015-10-07 00:00:00,2010s,2015,10,7,54.0,76.0,65.0
2015-10-08 00:00:00,2010s,2015,10,8,51.0,77.0,64.0
2015-10-09 00:00:00,2010s,2015,10,9,60.0,79.0,69.5
2015-10-10 00:00:00,2010s,2015,10,10,44.0,64.0,54.0
2016-10-03 00:00:00,2010s,2016,10,3,55.0,76.0,65.5
2016-10-04 00:00:00,2010s,2016,10,4,53.0,73.0,63.0
2016-10-05 00:00:00,2010s,2016,10,5,54.0,69.0,61.5
2016-10-06 00:00:00,2010s,2016,10,6,55.0,71.0,63.0
2016-10-07 00:00:00,2010s,2016,10,7,59.0,72.0,65.5
2016-10-08 00:00:00,2010s,2016,10,8,62.0,66.0,64.0
2016-10-09 00:00:00,2010s,2016,10,9,55.0,68.0,61.5
2016-10-10 00:00:00,2010s,2016,10,10,42.0,65.0,53.5
2017-10-03 00:00:00,2010s,2017,10,3,46.0,73.0,59.5
2017-10-04 00:00:00,2010s,2017,10,4,48.0,78.0,63.0
2017-10-05 00:00:00,2010s,2017,10,5,52.0,84.0,68.0
2017-10-06 00:00:00,2010s,2017,10,6,59.0,84.0,71.5
2017-10-07 00:00:00,2010s,2017,10,7,58.0,84.0,71.0
2017-10-08 00:00:00,2010s,2017,10,8,74.0,84.0,79.0
2017-10-09 00:00:00,2010s,2017,10,9,72.0,86.0,79.0
2017-10-10 00:00:00,2010s,2017,10,10,67.0,86.0,76.5
2018-10-03 00:00:00,2010s,2018,10,3,64.0,84.0,74.0
2018-10-04 00:00:00,2010s,2018,10,4,63.0,88.0,75.5
2018-10-05 00:00:00,2010s,2018,10,5,63.0,73.0,68.0
2018-10-06 00:00:00,2010s,2018,10,6,64.0,73.0,68.5
2018-10-07 00:00:00,2010s,2018,10,7,70.0,84.0,77.0
2018-10-08 00:00:00,2010s,2018,10,8,69.1,82.9,76.0
2018-10-09 00:00:00,2010s,2018,10,9,66.9,81.0,73.95
2018-10-10 00:00:00,2010s,2018,10,10,69.1,82.9,76.0
2019-10-03 00:00:00,2010s,2019,10,3,70.0,84.0,77.0
2019-10-04 00:00:00,2010s,2019,10,4,46.9,79.0,62.95
2019-10-05 00:00:00,2010s,2019,10,5,46.9,66.9,56.900000000000006
2019-10-06 00:00:00,2010s,2019,10,6,60.1,73.0,66.55
2019-10-07 00:00:00,2010s,2019,10,7,60.1,82.9,71.5
2019-10-08 00:00:00,2010s,2019,10,8,55.9,69.1,62.5
2019-10-09 00:00:00,2010s,2019,10,9,55.0,71.1,63.05
2019-10-10 00:00:00,2010s,2019,10,10,55.9,79.0,67.45
2020-10-03 16:00:00,2020,2020,10,3,53.31,66.31,59.81
2020-10-04 16:00:00,2020,2020,10,4,55.31,66.38,60.845
2020-10-05 16:00:00,2020,2020,10,5,58.84,69.67,64.255
2020-10-06 16:00:00,2020,2020,10,6,57.74,73.74,65.74
2020-10-07 16:00:00,2020,2020,10,7,62.28,76.96,69.62
2020-10-08 16:00:00,2020,2020,10,8,56.57,65.82,61.19499999999999
2020-10-09 16:00:00,2020,2020,10,9,49.28,63.7,56.49
2020-10-10 16:00:00,2020,2020,10,10,56.68,75.69,66.185
